M-Group/Cluster	M-Group-Type [k|u]	First Genome in Cluster	Other Genomes
M1	kVSG	NC_027402_Salmonella_phage_SPN3US	NC_0274021_Salmonella_phage_SPN3US
M10	uVSG		
M100	uVSG		
M1000	uVSG		
M1001	uVSG		
M1002	uVSG		
M1003	uVSG		
M1004	uVSG		
M1005	uVSG		
M1006	uVSG		
M1007	uVSG		
M1008	uVSG		
M1009	uVSG		
M101	uVSG		
M1010	uVSG		
M1011	uVSG		
M1012	uVSG		
M1013	uVSG		
M1014	uVSG		
M1015	uVSG		
M1016	uVSG		
M1017	uVSG		
M1018	uVSG		
M1019	uVSG		
M102	uVSG		
M1020	uVSG		
M1021	uVSG		
M1022	uVSG		
M1023	uVSG		
M1024	uVSG		
M1025	kVSG	NC_013647_Klebsiella_phage_KP32	NC_0136471_Klebsiella_phage_KP32|NC_0289771_Klebsiella_phage_vB_KpnP_KpV289|NC_0110431_Klebsiella_phage_K11|NC_0286881_Klebsiella_phage_vB_Kp1|NC_0288001_Klebsiella_phage_K5|NC_0157191_Enterobacteria_phage_K30
M1026	uVSG		
M1027	uVSG		
M1028	uVSG		
M1029	uVSG		
M103	uVSG		
M1030	uVSG		
M1031	uVSG		
M1032	uVSG		
M1033	uVSG		
M1034	uVSG		
M1035	uVSG		
M1036	uVSG		
M1037	uVSG		
M1038	uVSG		
M1039	uVSG		
M104	uVSG		
M1040	uVSG		
M1041	uVSG		
M1042	uVSG		
M1043	uVSG		
M1044	uVSG		
M1045	uVSG		
M1046	uVSG		
M1047	uVSG		
M1048	uVSG		
M1049	uVSG		
M105	uVSG		
M1050	uVSG		
M1051	uVSG		
M1052	uVSG		
M1053	uVSG		
M1054	uVSG		
M1055	uVSG		
M1056	uVSG		
M1057	kVSG	NC_021855_Lactococcus_phage_phi7	NC_0218551_Lactococcus_phage_phi7|NC_0131531_Lactococcus_phage_CB19|NC_0218521_Lactococcus_phage_P680|NC_0019091_Lactococcus_phage_bIL170|NC_0218541_Lactococcus_phage_jm3|NC_0176951_Lactococcus_Phage_ASCC273|NC_0131521_Lactococcus_phage_CB14|NC_0018351_Lactococcus_phage_sk1|NC_0176961_Lactococcus_Phage_ASCC532|NC_0218531_Lactococcus_phage_340|NC_0110461_Lactococcus_phage_bIBB29|NC_0176881_Lactococcus_Phage_ASCC191|NC_0289001_Lactococcus_phage_SL4|NC_0083631_Lactococcus_phage_P008|NC_0083701_Lactococcus_phage_712|NC_0131551_Lactococcus_phage_CB13|NC_0218601_Lactococcus_phage_jm2|NC_0176981_Lactococcus_Phage_ASCC465
M1058	uVSG		
M1059	uVSG		
M106	uVSG		
M1060	uVSG		
M1061	uVSG		
M1062	uVSG		
M1063	uVSG		
M1064	uVSG		
M1065	uVSG		
M1066	kVSG	NC_013059_Salmonella_phage_c341	NC_0130591_Salmonella_phage_c341|NC_0119761_Salmonella_phage_epsilon34|NC_0286962_Salmonella_phage_SEN22|NC_0149001_Salmonella_phage_ST160|NC_0423461_Salmonella_virus_BTP1_genome_assembly_chromosome_BTP1|NC_0043481_Enterobacteria_phage_ST64T|NC_0310191_Enterobacteria_phage_UAB_Phi20|NC_0118021_Salmonella_enterica_bacteriophage_SE1|NC_0309191_Salmonella_phage_118970_sal4|NC_0197091_Enterobacteria_phage_mEpX1|NC_0182751_Salmonella_phage_vB_SemP_Emek|NC_0197051_Enterobacteria_phage_mEpX2|NC_0058411_Enterobacteria_phage_ST104_DNA|NC_0021661_Bacteriophage_HK022|NC_0182791_Salmonella_phage_vB_SosS_Oslo|NC_0179851_Salmonella_phage_SPN9CC|NC_0161601_Escherichia_phage_HK75|NC_0197191_Enterobacteria_phage_HK633|NC_0197211_Enterobacterial_phage_mEp390|NC_0211901_Enterobacteria_phage_phi80|NC_0197041_Enterobacteria_phage_mEp237|NC_0197171_Enterobacteria_phage_HK225|NC_0019011_Bacteriophage_N15
M1067	uVSG		
M1068	uVSG		
M1069	uVSG		
M107	uVSG		
M1070	uVSG		
M1071	uVSG		
M1072	uVSG		
M1073	uVSG		
M1074	uVSG		
M1075	uVSG		
M1076	uVSG		
M1077	uVSG		
M1078	uVSG		
M1079	uVSG		
M108	uVSG		
M1080	uVSG		
M1081	uVSG		
M1082	uVSG		
M1083	uVSG		
M1084	uVSG		
M1085	kVSG	NC_019915_Staphylococcus_phage_StB20	NC_0199151_Staphylococcus_phage_StB20|NC_0087221_Staphylococcus_phage_CNPH82|NC_0288211_Staphylococcus_phage_StB20like|NC_0312411_Staphylococcus_phage_CNPx|NC_0182841_Staphylococcus_phage_vB_SepiSphiIPLA7|NC_0182811_Staphylococcus_phage_vB_SepiSphiIPLA5|NC_0087231_Staphylococcus_phage_PH15
M1086	uVSG		
M1087	uVSG		
M1088	uVSG		
M1089	uVSG		
M109	uVSG		
M1090	uVSG		
M1091	uVSG		
M1092	kVSG	NC_010179_Lactobacillus_johnsonii_prophage_Lj771	NC_0101792_Lactobacillus_johnsonii_prophage_Lj771
M1093	uVSG		
M1094	uVSG		
M1095	uVSG		
M1096	uVSG		
M1097	uVSG		
M1098	uVSG		
M1099	uVSG		
M11	uVSG		
M110	uVSG		
M1100	uVSG		
M1101	uVSG		
M1102	kVSG	NC_024711_Uncultured_crAssphage	NC_0247111_Uncultured_crAssphage
M1103	uVSG		
M1104	uVSG		
M1105	uVSG		
M1106	uVSG		
M1107	uVSG		
M1108	uVSG		
M1109	uVSG		
M111	uVSG		
M1110	uVSG		
M1111	uVSG		
M1112	uVSG		
M1113	uVSG		
M1114	uVSG		
M1115	uVSG		
M1116	uVSG		
M1117	uVSG		
M1118	uVSG		
M1119	uVSG		
M112	uVSG		
M1120	uVSG		
M1121	uVSG		
M1122	uVSG		
M1123	uVSG		
M1124	uVSG		
M1125	uVSG		
M1126	uVSG		
M1127	uVSG		
M1128	uVSG		
M1129	uVSG		
M113	uVSG		
M1130	uVSG		
M1131	uVSG		
M1132	uVSG		
M1133	uVSG		
M1134	uVSG		
M1135	uVSG		
M1136	uVSG		
M1137	uVSG		
M1138	uVSG		
M1139	uVSG		
M114	uVSG		
M1140	uVSG		
M1141	uVSG		
M1142	uVSG		
M1143	uVSG		
M1144	uVSG		
M1145	uVSG		
M1146	uVSG		
M1147	uVSG		
M1148	uVSG		
M1149	kVSG	NC_028750_Klebsiella_phage_Matisse	NC_0287501_Klebsiella_phage_Matisse|NC_0310951_Klebsiella_phage_PKO111|NC_0310871_Klebsiella_phage_vB_KpnM_KpV477|NC_0286861_Klebsiella_phage_JD18
M115	uVSG		
M1150	kVSG	NC_031016_Lactococcus_phage_PLgT1	NC_0310161_Lactococcus_phage_PLgT1
M1151	kVSG	NC_005355_Lactobacillus_prophage_Lj965	NC_0053551_Lactobacillus_prophage_Lj965
M1152	kVSG	NC_004313_Salmonella_phage_ST64B	NC_0043131_Salmonella_phage_ST64B
M1153	kVSG	NC_019914_Staphylococcus_phage_StB27	NC_0199141_Staphylococcus_phage_StB27|NC_0204902_Staphylococcus_phage_StB12
M1154	kVSG	NC_018454_Cronobacter_phage_phiES15	NC_0184541_Cronobacter_phage_phiES15
M1155	kVSG	NC_031108_Propionibacterium_phage_PFR2	NC_0311081_Propionibacterium_phage_PFR2
M1156	kVSG	NC_014662_Enterobacteria_phage_CC31	NC_0146621_Enterobacteria_phage_CC31|NC_0235611_Enterobacter_phage_PG7
M1157	kVSG	NC_019510_Erwinia_phage_vB_EamPL1	NC_0195101_Erwinia_phage_vB_EamPL1
M1158	kVSG	NC_028655_Yersinia_phage_vB_YenP_AP10	NC_0286551_Yersinia_phage_vB_YenP_AP10
M1159	kVSG	NC_007805_Pseudomonas_phage_F10	NC_0078051_Pseudomonas_phage_F10|NC_0310911_Pseudomonas_phage_MD8|NC_0309311_Pseudomonas_phage_phi2
M116	uVSG		
M1160	kVSG	NC_005893_Lactobacillus_phage_phiAT3	NC_0058931_Lactobacillus_phage_phiAT3
M1161	kVSG	NC_031092_Citrobacter_phage_SH2	NC_0310921_Citrobacter_phage_SH2|NC_0291021_Enterobacter_phage_E2|NC_0310661_Citrobacter_phage_SH1|NC_0288801_Citrobacter_phage_phiCFP1|NC_0012711_Yersinia_phage_phiYeO312|NC_0032981_Enterobacteria_phage_T3
M1162	kVSG	NC_010945_Streptococcus_phage_PH15	NC_0109451_Streptococcus_phage_PH15
M1163	kVSG	NC_028772_Enterobacter_phage_phiEap1	NC_0287721_Enterobacter_phage_phiEap1
M1164	kVSG	NC_021325_Clostridium_phage_vB_CpeSCP51	NC_0213251_Clostridium_phage_vB_CpeSCP51
M1165	kVSG	NC_019934_Cronobacter_phage_ENT39118	NC_0199341_Cronobacter_phage_ENT39118
M1166	kVSG	NC_031937_Escherichia_phage_LM33_P1_genome_assembly_chromosome_I	NC_0319371_Escherichia_phage_LM33_P1_genome_assembly_chromosome_I|NC_0310181_Citrobacter_phage_SH4|NC_0319431_Escherichia_phage_vB_EcoP_GA2A|NC_0311231_Citrobacter_phage_SH3|NC_0110421_Enterobacteria_phage_EcoDS1|NC_0235761_Citrobacter_phage_CR44b|NC_0243791_Escherichia_phage_PE31
M1167	uVSG		
M1168	kVSG	NC_016761_Salmonella_phage_SPN1S	NC_0167611_Salmonella_phage_SPN1S|NC_0047752_Enterobacteria_phage_epsilon15
M1169	kVSG	NC_042135_Pseudomonas_phage_JBD67_partial_genome	NC_0421351_Pseudomonas_phage_JBD67_partial_genome|NC_0279921_Pseudomonas_phage_JBD25|NC_0279861_Pseudomonas_phage_JBD18|NC_0286671_Pseudomonas_phage_vB_PaeS_PM105|NC_0065481_Pseudomonas_phage_B3
M117	uVSG		
M1170	uVSG		
M1171	kVSG	NC_008265_Clostridium_phage_phiSM101	NC_0082651_Clostridium_phage_phiSM101
M1172	kVSG	NC_031051_Enterococcus_phage_SANTOR1	NC_0310511_Enterococcus_phage_SANTOR1|NC_0421011_Enterococcus_phage_PMBT2|NC_0312601_Enterococcus_phage_EcZZ2|NC_0289901_Enterococcus_phage_vB_EfaS_IME196|NC_0235511_Enterococcus_phage_IMEEF4|NC_0235952_Enterococcus_phage_IME_EF3|NC_0421341_Enterococcus_phage_AUEF3_partial_genome|NC_0420221_Enterococcus_phage_phiSHEF4|NC_0421261_Ecterococcus_phage_vB_EfaS_AL3|NC_0152701_Enterococcus_phage_EFRM31|NC_0124191_Enterococcus_phage_EFAP1|NC_0420231_Enterococcus_phage_phiSHEF5|NC_0421251_Enterococcus_phage_LY0322|NC_0421271_Enterococcus_phage_vB_EfaS_AL2|NC_0420211_Enterococcus_phage_phiSHEF2|NC_0254651_Enterococcus_phage_EfaCPT1
M1173	uVSG		
M1174	kVSG	NC_013644_Enterococcus_phage_phiFL4A	NC_0136441_Enterococcus_phage_phiFL4A
M1175	uVSG		
M1176	uVSG		
M1177	kVSG	NC_031915_Streptococcus_phage_phiARI04684	NC_0319151_Streptococcus_phage_phiARI04684
M1178	kVSG	NC_000871_Streptococcus_phage_Sfi19	NC_0008711_Streptococcus_phage_Sfi19
M1179	kVSG	NC_019418_Streptococcus_phage_phiNJ2	NC_0194181_Streptococcus_phage_phiNJ2
M118	uVSG		
M1180	kVSG	NC_013594_Escherichia_phage_D108	NC_0135941_Escherichia_phage_D108|NC_0273821_Enterobacteria_phage_SfMu|NC_0260141_Enterobacteria_phage_P88|NC_0078042_Escherichia_phage_phiV10
M1181	kVSG	NC_012753_Streptococcus_phage_5093	NC_0127531_Streptococcus_phage_5093
M1182	kVSG	NC_020079_Escherichia_phage_phAPEC8	NC_0200791_Escherichia_phage_phAPEC8
M1183	kVSG	NC_002668_Lactococcus_prophage_bIL309	NC_0026681_Lactococcus_prophage_bIL309
M1184	uVSG		
M1185	kVSG	NC_027298_Pseudomonas_phage_LPB1	NC_0272981_Pseudomonas_phage_LPB1|NC_0266011_Pseudomonas_phage_vB_PaeS_PAO1_Ab30|NC_0273841_Pseudomonas_phage_H70|NC_0247821_Pseudomonas_phage_MP48|NC_0309081_Pseudomonas_phage_JBD69|NC_0202021_Pseudomonas_phage_JBD5|NC_0051781_Bacteriophage_D3112|NC_0087171_Pseudomonas_phage_DMS3|NC_0116111_Pseudomonas_phage_MP38|NC_0418511_Pseudomonas_phage_F_HA0480sp/Pa1651
M1186	kVSG	NC_004746_Lactococcus_phage_4268	NC_0047461_Lactococcus_phage_4268
M1187	uVSG		
M1188	kVSG	NC_013643_Enterococcus_phage_phiFL2A	NC_0136431_Enterococcus_phage_phiFL2A|NC_0136461_Enterococcus_phage_phiFL1A|NC_0286712_Enterococcus_phage_vB_EfaS_IME197|NC_0136481_Enterococcus_phage_phiFL3A|NC_0136961_Enterococcus_phage_phiEf11|NC_0254531_Enterococcus_phage_EFC1
M1189	uVSG		
M119	uVSG		
M1190	uVSG		
M1191	kVSG	NC_028962_Staphylococcus_phage_phiIPLAC1C	NC_0289621_Staphylococcus_phage_phiIPLAC1C
M1192	uVSG		
M1193	uVSG		
M1194	kVSG	NC_003278_Pseudomonas_phage_phiCTX	NC_0032781_Pseudomonas_phage_phiCTX
M1195	kVSG	NC_002185_Streptococcus_phage_7201	NC_0021851_Streptococcus_phage_7201|NC_0201971_Streptococcus_phage_TPJ34|NC_0022141_Streptococcus_thermophilus_bacteriophage_Sfi11
M1196	uVSG		
M1197	kVSG	NC_024134_Escherichia_phage_vB_EcoM_FFH2	NC_0241341_Escherichia_phage_vB_EcoM_FFH2|NC_0195171_Enterobacteria_phage_vB_EcoMFV3|NC_0419371_Escherichia_phage_V18
M1198	kVSG	NC_002072_Streptococcus_phage_DT1	NC_0020722_Streptococcus_phage_DT1|NC_0136451_Streptococcus_phage_Abc2|NC_0310231_Streptococcus_virus_9874|NC_0227761_Streptococcus_phage_TP778L|NC_0043031_Streptococcus_phage_O1205|NC_0008721_Streptococcus_phage_Sfi21|NC_0310941_Streptococcus_virus_9872|NC_0135981_Streptococcus_phage_ALQ132|NC_0103531_Streptococcus_phage_858
M1199	uVSG		
M12	uVSG		
M120	uVSG		
M1200	kVSG	NC_004586_Streptococcus_pyogenes_phage_3153	NC_0045861_Streptococcus_pyogenes_phage_3153
M1201	uVSG		
M1202	kVSG	NC_028830_Lactobacillus_phage_iA2	NC_0288301_Lactobacillus_phage_iA2|NC_0310361_Lactobacillus_phage_PLE2|NC_0311251_Lactobacillus_phage_PLE3|NC_0288351_Lactobacillus_phage_CL2|NC_0288881_Lactobacillus_phage_CL1|NC_0289111_Lactobacillus_phage_iLp1308
M1203	kVSG	NC_028697_Streptococcus_phage_A25	NC_0286971_Streptococcus_phage_A25
M1204	kVSG	NC_017978_Clostridium_phage_PhiS63	NC_0179781_Clostridium_phage_PhiS63
M1205	uVSG		
M1206	kVSG	NC_001895_Enterobacteria_phage_P2	NC_0018951_Enterobacteria_phage_P2|NC_0227501_Enterobacteria_phage_fiAA91ss|NC_0047451_Yersinia_phage_L413C|NC_0050561_Escherichia_phage_Wphi|NC_0217741_Salmonella_phage_FSL_SP004|NC_0288961_Escherichia_phage_pro147
M1207	kVSG	NC_003524_Clostridium_phage_phi3626	NC_0035241_Clostridium_phage_phi3626
M1208	uVSG		
M1209	uVSG		
M121	uVSG		
M1210	kVSG	NC_029048_Clostridium_phage_phiCD211	NC_0290482_Clostridium_phage_phiCD211
M1211	kVSG	NC_027982_Lactobacillus_phage_phiPYB5	NC_0279821_Lactobacillus_phage_phiPYB5|NC_0194861_Lactobacillus_phage_LF1
M1212	kVSG	NC_027341_Lactococcus_phage_WRP3	NC_0273411_Lactococcus_phage_WRP3|NC_0152631_Lactococcus_phage_949|NC_0235741_Lactococcus_phage_phiL47
M1213	uVSG		
M1214	uVSG		
M1215	uVSG		
M1216	kVSG	NC_021861_Lactococcus_phage_BM13	NC_0218611_Lactococcus_phage_BM13|NC_0027471_Lactococcus_phage_TP9011|NC_0026671_Lactococcus_prophage_bIL286|NC_0310171_Lactococcus_phage_63301|NC_0040661_Lactococcus_phage_ul36|NC_0058221_Lactococcus_phage_phiLC3|NC_0027031_Lactococcus_phage_Tuc2009|NC_0043021_Bacteriophage_r1t_integrase_repressor_protein_rro_dUTPase_holin_and_lysin_genes_complete_cds|NC_0027961_Lactococcus_phage_BK5T|NC_0310131_Lactococcus_phage_28201|NC_0310641_Lactococcus_phage_98201|NC_0026661_Lactococcus_prophage_bIL285
M1217	kVSG	NC_001317_Escherichia_phage_186	NC_0013171_Escherichia_phage_186|NC_0053401_Enterobacteria_phage_PsP3
M1218	kVSG	NC_029119_Staphylococcus_phage_SPbetalike	NC_0291191_Staphylococcus_phage_SPbetalike
M1219	kVSG	NC_017732_Enterococcus_phage_EF62phi	NC_0177321_Enterococcus_phage_EF62phi
M122	uVSG		
M1220	uVSG		
M1221	kVSG	NC_042128_Escherichia_phage_RCS47	NC_0421281_Escherichia_phage_RCS47|NC_0311291_Salmonella_phage_SJ46|NC_0058561_Enterobacteria_phage_P1
M1222	kVSG	NC_022340_Propionibacterium_phage_PHL114L00	NC_0223401_Propionibacterium_phage_PHL114L00|NC_0276211_Propionibacterium_phage_Wizzo|NC_0188521_Propionibacterium_phage_P100D|NC_0276201_Propionibacterium_phage_MrAK|NC_0419541_Propionibacterium_phage_Keiki|NC_0273701_Propionibacterium_phage_PHL179M00|NC_0273911_Propionibacterium_phage_PHL041M10|NC_0188391_Propionibacterium_phage_P144|NC_0272951_Propionibacterium_phage_PHL199M00|NC_0154531_Propionibacterium_phage_PAS50_endogenous_virus|NC_0276271_Propionibacterium_phage_Solid|NC_0274001_Propionibacterium_phage_PHL055N00|NC_0273891_Propionibacterium_phage_PHL141N00|NC_0223371_Propionibacterium_phage_PHL071N05|NC_0273571_Propionibacterium_phage_PHL025M00|NC_0274011_Propionibacterium_phage_PHL095N00|NC_0188421_Propionibacterium_phage_P11|NC_0223421_Propionibacterium_phage_PHL111M01|NC_0273361_Propionibacterium_phage_PHL009M11|NC_0188471_Propionibacterium_phage_ATCC29399B_T|NC_0095411_Propionibacterium_phage_PA6|NC_0276221_Propionibacterium_phage_Stormborn|NC_0310052_Propionibacterium_phage_QueenBey|NC_0273801_Propionibacterium_phage_PHL067M01|NC_0276251_Propionibacterium_phage_Kubed|NC_0273621_Propionibacterium_phage_PHL116M00|NC_0276281_Propionibacterium_phage_Lauchelly|NC_0273671_Propionibacterium_phage_PHL132N00|NC_0188381_Propionibacterium_phage_P100_A|NC_0273611_Propionibacterium_phage_PHL085N00|NC_0273541_Propionibacterium_phage_PHL301M00|NC_0276291_Propionibacterium_phage_Attacne|NC_0223411_Propionibacterium_phage_PHL113M01|NC_0223361_Propionibacterium_phage_PHL010M04|NC_0273711_Propionibacterium_phage_Pacnes_201215|NC_0273761_Propionibacterium_phage_PHL308M00|NC_0273861_Propionibacterium_phage_PHL152M00|NC_0273331_Propionibacterium_phage_PHL070N00|NC_0154541_Propionibacterium_phage_PAD20_endogenous_virus|NC_0188451_Propionibacterium_phage_P104A|NC_0223381_Propionibacterium_phage_PHL060L00|NC_0310841_Propionibacterium_phage_BruceLethal|NC_0289671_Propionibacterium_phage_PAC1|NC_0223341_Propionibacterium_phage_PHL112N00|NC_0273731_Propionibacterium_phage_PHL030N00|NC_0273461_Propionibacterium_phage_PHL171M01|NC_0276301_Propionibacterium_phage_Ouroboros|NC_0273851_Propionibacterium_phage_PHL092M00|NC_0311191_Propionibacterium_phage_Enoki|NC_0276261_Propionibacterium_phage_Procrass1|NC_0188401_Propionibacterium_phage_P100_1|NC_0286941_Propionibacterium_phage_PA114
M1223	kVSG	NC_028840_Escherichia_phage_slur09_genome_assembly_slu09_chromosome__1	NC_0288401_Escherichia_phage_slur09_genome_assembly_slu09_chromosome__1
M1224	uVSG		
M1225	uVSG		
M1226	kVSG	NC_027358_Leuconostoc_phage_Ln9	NC_0273581_Leuconostoc_phage_Ln9|NC_0279871_Leuconostoc_phage_1A4|NC_0273771_Leuconostoc_phage_Ln8
M1227	uVSG		
M1228	kVSG	NC_020880_Leuconostoc_phage_P793	NC_0208801_Leuconostoc_phage_P793|NC_0243851_Leuconostoc_phage_phiLN12|NC_0243891_Leuconostoc_phage_phiLNTR2|NC_0208701_Leuconostoc_phage_phiLN04|NC_0182731_Leuconostoc_phage_Lmd1
M1229	uVSG		
M123	uVSG		
M1230	uVSG		
M1231	uVSG		
M1232	uVSG		
M1233	uVSG		
M1234	uVSG		
M1235	uVSG		
M1236	uVSG		
M1237	kVSG	NC_031246_Klebsiella_phage_vB_KpnP_KpV71	NC_0312461_Klebsiella_phage_vB_KpnP_KpV71|NC_0286641_Klebsiella_phage_vB_Kp2|NC_0310251_Klebsiella_phage_vB_KpnP_KpV475|NC_0286701_Klebsiella_phage_vB_KpnP_KpV41|NC_0235672_Klebsiella_phage_F19|NC_0288161_Klebsiella_phage_vB_KpnP_SU503|NC_0136492_Klebsiella_phage_KP34|NC_0288701_Klebsiella_phage_vB_KpnP_SU552A|NC_0254181_Klebsiella_phage_NTUHK2044K11_DNA
M1238	uVSG		
M1239	uVSG		
M124	uVSG		
M1240	kVSG	NC_031071_Lactococcus_phage_D4410	NC_0310711_Lactococcus_phage_D4410|NC_0016291_Lactococcus_phage_bIL67|NC_0310441_Lactococcus_phage_M6165|NC_0310751_Lactococcus_phage_M5938|NC_0017061_Lactococcus_phage_c2|NC_0310021_Lactococcus_phage_M6162|NC_0310091_Lactococcus_phage_D4412
M1241	uVSG		
M1242	uVSG		
M1243	uVSG		
M1244	uVSG		
M1245	uVSG		
M1246	uVSG		
M1247	kVSG	NC_001825_Streptococcus_phage_Cp1	NC_0018251_Streptococcus_phage_Cp1|NC_0421141_Streptococcus_phage_Cp7
M1248	uVSG		
M1249	uVSG		
M125	uVSG		
M1250	uVSG		
M1251	uVSG		
M1252	uVSG		
M1253	uVSG		
M1254	uVSG		
M1255	uVSG		
M1256	uVSG		
M1257	uVSG		
M1258	uVSG		
M1259	uVSG		
M126	uVSG		
M1260	uVSG		
M1261	uVSG		
M1262	kVSG	NC_023582_Staphylococcus_phage_vB_SepS_SEP9	NC_0235821_Staphylococcus_phage_vB_SepS_SEP9|NC_0243551_Staphylococcus_phage_6ec
M1263	uVSG		
M1264	kVSG	NC_009643_Actinomyces_phage_Av1	NC_0096431_Actinomyces_phage_Av1
M1265	uVSG		
M1266	uVSG		
M1267	uVSG		
M1268	uVSG		
M1269	uVSG		
M127	uVSG		
M1270	uVSG		
M1271	uVSG		
M1272	uVSG		
M1273	kVSG	NC_042067_Citrobacter_phage_CF1_ERZ2017	NC_0420671_Citrobacter_phage_CF1_ERZ2017|NC_0273311_Citrobacter_phage_Moon|NC_0288571_Citrobacter_phage_Merlin|NC_0420441_Salmonella_phage_Melville|NC_0310651_Salmonella_phage_vB_SnwM_CGG41|NC_0204161_Salmonella_phage_S16
M1274	uVSG		
M1275	uVSG		
M1276	uVSG		
M1277	uVSG		
M1278	kVSG	NC_007045_Staphylococcus_phage_PT1028	NC_0070451_Staphylococcus_phage_PT1028
M1279	kVSG	NC_002671_Lactococcus_prophage_bIL312	NC_0026711_Lactococcus_prophage_bIL312
M128	uVSG		
M1280	uVSG		
M1281	kVSG	NC_028247_Citrobacter_phage_Michonne	NC_0282471_Citrobacter_phage_Michonne|NC_0420751_Shigella_phage_Sf14|NC_0288082_Escherichia_phage_SUSP1|NC_0272931_Citrobacter_phage_Moogle|NC_0420171_Shigella_phage_Sf13|NC_0420761_Shigella_phage_Sf17|NC_0289352_Escherichia_phage_SUSP2
M1282	kVSG	NC_002669_Lactococcus_prophage_bIL310	NC_0026691_Lactococcus_prophage_bIL310
M1283	uVSG		
M1284	uVSG		
M1285	uVSG		
M1286	kVSG	NC_002670_Lactococcus_prophage_bIL311	NC_0026701_Lactococcus_prophage_bIL311
M1287	kVSG	NC_007924_Lactobacillus_phage_KC5a	NC_0079241_Lactobacillus_phage_KC5a|NC_0242061_Lactobacillus_phage_phi_jlb1
M1288	uVSG		
M1289	uVSG		
M129	uVSG		
M1290	uVSG		
M1291	uVSG		
M1292	uVSG		
M1293	uVSG		
M1294	uVSG		
M1295	uVSG		
M1296	uVSG		
M1297	uVSG		
M1298	uVSG		
M1299	uVSG		
M13	uVSG		
M130	uVSG		
M1300	uVSG		
M1301	uVSG		
M1302	uVSG		
M1303	uVSG		
M1304	uVSG		
M1305	uVSG		
M1306	uVSG		
M1307	uVSG		
M1308	uVSG		
M1309	uVSG		
M131	uVSG		
M1310	uVSG		
M1311	uVSG		
M1312	kVSG	NC_031920_Streptococcus_phage_phiARI0004	NC_0319201_Streptococcus_phage_phiARI0004|NC_0030502_Streptococcus_pneumoniae_bacteriophage_MM1|NC_0319131_Streptococcus_phage_phiARI04601|NC_0319011_Streptococcus_phage_phiARI01311|NC_0243611_Streptococcus_phage_DCC1738|NC_0319231_Streptococcus_phage_phiARI04682|NC_0227911_Streptococcus_phage_phiBHN167|NC_0243701_Streptococcus_phage_IC1_complete_sequence|NC_0319421_Streptococcus_phage_phiARI0462|NC_0243571_Streptococcus_phage_K13_complete_sequence|NC_0319101_Streptococcus_phage_phiARI0031|NC_0309461_Streptococcus_phage_phiARI0923|NC_0319291_Streptococcus_phage_phiARI04681|NC_0319071_Streptococcus_phage_phiARI0746|NC_0319411_Streptococcus_phage_phiARI01312|NC_0273961_Streptococcus_phage_SpSL1|NC_0127561_Streptococcus_phage_PH10
M1313	uVSG		
M1314	uVSG		
M1315	uVSG		
M1316	uVSG		
M1317	uVSG		
M1318	uVSG		
M1319	uVSG		
M132	uVSG		
M1320	uVSG		
M1321	uVSG		
M1322	uVSG		
M1323	uVSG		
M1324	uVSG		
M1325	uVSG		
M1326	uVSG		
M1327	uVSG		
M1328	uVSG		
M1329	uVSG		
M133	uVSG		
M1330	uVSG		
M1331	uVSG		
M1332	uVSG		
M1333	uVSG		
M1334	uVSG		
M1335	uVSG		
M1336	uVSG		
M1337	uVSG		
M1338	uVSG		
M1339	uVSG		
M134	uVSG		
M1340	uVSG		
M1341	uVSG		
M1342	uVSG		
M1343	uVSG		
M1344	uVSG		
M1345	uVSG		
M135	uVSG		
M136	uVSG		
M137	uVSG		
M138	uVSG		
M139	uVSG		
M14	uVSG		
M140	uVSG		
M141	uVSG		
M142	uVSG		
M143	uVSG		
M144	uVSG		
M145	uVSG		
M146	uVSG		
M147	uVSG		
M148	uVSG		
M149	uVSG		
M15	uVSG		
M150	uVSG		
M151	uVSG		
M152	uVSG		
M153	kVSG	NC_015274_Streptococcus_phage_Dp1	NC_0152741_Streptococcus_phage_Dp1
M154	uVSG		
M155	uVSG		
M156	uVSG		
M157	uVSG		
M158	uVSG		
M159	uVSG		
M16	uVSG		
M160	uVSG		
M161	uVSG		
M162	uVSG		
M163	uVSG		
M164	uVSG		
M165	uVSG		
M166	uVSG		
M167	uVSG		
M168	uVSG		
M169	uVSG		
M17	uVSG		
M170	uVSG		
M171	uVSG		
M172	uVSG		
M173	uVSG		
M174	uVSG		
M175	uVSG		
M176	uVSG		
M177	uVSG		
M178	uVSG		
M179	uVSG		
M18	uVSG		
M180	uVSG		
M181	uVSG		
M182	kVSG	NC_025443_Salmonella_phage_9NA	NC_0254431_Salmonella_phage_9NA|NC_0420621_Salmonella_phage_FSL_SP069_hypothetical_proteins_RdgC_exonuclease_hypothetical_proteins_TerL_hypothetical_proteins_deoxyuridine_5triphosphate_nucleotidohydrolase_hypothetical_proteins_NinH_head_morphogenesis_protein_hypothetical_proteins_capsid_related_protein_hypothetical_proteins_enolaselike_protein_hypothetical_proteins_tail_fiber_hypothetical_protein_putative_endolysin_hypothetical_proteins_and_DNA_polymerase_genes_complete_cds
M183	uVSG		
M184	uVSG		
M185	uVSG		
M186	uVSG		
M187	uVSG		
M188	uVSG		
M189	uVSG		
M19	uVSG		
M190	uVSG		
M191	uVSG		
M192	uVSG		
M193	uVSG		
M194	uVSG		
M195	uVSG		
M196	uVSG		
M197	uVSG		
M198	uVSG		
M199	uVSG		
M2	uVSG		
M20	uVSG		
M200	uVSG		
M201	uVSG		
M202	kVSG	NC_005857_Klebsiella_phage_phiKO2	NC_0058571_Klebsiella_phage_phiKO2
M203	uVSG		
M204	uVSG		
M205	uVSG		
M206	uVSG		
M207	uVSG		
M208	kVSG	NC_030953_Shigella_phage_SHFML11	NC_0309531_Shigella_phage_SHFML11|NC_0421291_Escherichia_phage_slur03|NC_0310111_Shigella_phage_SHFML26|NC_0419901_Escherichia_phage_ST0|NC_0254371_Shigella_phage_Shf125875|NC_0418641_Escherichia_coli_O157_typing_phage_6|NC_0289271_Escherichia_phage_slur02|NC_0085151_Bacteriophage_RB32|NC_0254491_Escherichia_phage_ECML134|NC_0288941_Enterobacteria_phage_vB_EcoM_VR20|NC_0279791_Enterobacteria_phage_RB68|NC_0419191_UNVERIFIED_Escherichia_phage_CF2|NC_0420781_Shigella_phage_Sf24|NC_0254191_Enterobacteria_phage_RB3|NC_0145951_Shigella_phage_SP18|NC_0241252_Escherichia_phage_e11/2|NC_0258291_Shigella_phage_pSs1|NC_0419361_Escherichia_phage_ECD7|NC_0289251_Enterobacteria_phage_vB_EcoM_VR25|NC_0310471_Escherichia_phage_HY03|NC_0008664_Enterobacteria_phage_T4|NC_0193991_Enterobacteria_phage_vB_EcoM_ACGC40|NC_0274041_Yersinia_phage_PST|NC_0310301_Escherichia_phage_UFVAREG1
M209	kVSG	NC_043469_Enterobacteria_phage_F20_partial_genome	NC_0434691_Enterobacteria_phage_F20_partial_genome
M21	uVSG		
M210	uVSG		
M211	uVSG		
M212	uVSG		
M213	uVSG		
M214	kVSG	NC_031053_Klebsiella_phage_PKP126	NC_0310531_Klebsiella_phage_PKP126|NC_0290991_Klebsiella_phage_KP36|NC_0287601_Klebsiella_phage_KLPN1|NC_0287861_Klebsiella_phage_1513|NC_0287741_Klebsiella_phage_Sushi
M215	uVSG		
M216	uVSG		
M217	uVSG		
M218	uVSG		
M219	uVSG		
M22	uVSG		
M220	uVSG		
M221	uVSG		
M222	uVSG		
M223	uVSG		
M224	uVSG		
M225	uVSG		
M226	uVSG		
M227	uVSG		
M228	uVSG		
M229	uVSG		
M23	uVSG		
M230	uVSG		
M231	uVSG		
M232	uVSG		
M233	uVSG		
M234	uVSG		
M235	uVSG		
M236	uVSG		
M237	uVSG		
M238	uVSG		
M239	uVSG		
M24	uVSG		
M240	uVSG		
M241	uVSG		
M242	uVSG		
M243	uVSG		
M244	uVSG		
M245	uVSG		
M246	uVSG		
M247	uVSG		
M248	uVSG		
M249	uVSG		
M25	uVSG		
M250	uVSG		
M251	kVSG	NC_001422_Coliphage_phiX174	NC_0014221_Coliphage_phiX174
M252	uVSG		
M253	uVSG		
M254	uVSG		
M255	kVSG	NC_016158_Escherichia_phage_HK639	NC_0161581_Escherichia_phage_HK639
M256	uVSG		
M257	uVSG		
M258	uVSG		
M259	uVSG		
M26	uVSG		
M260	uVSG		
M261	uVSG		
M262	uVSG		
M263	uVSG		
M264	uVSG		
M265	uVSG		
M266	uVSG		
M267	uVSG		
M268	kVSG	NC_016762_Pseudomonas_phage_phi297	NC_0167621_Pseudomonas_phage_phi297|NC_0309091_Pseudomonas_phage_YMC11/07/P54_PAE_BP
M269	uVSG		
M27	uVSG		
M270	uVSG		
M271	uVSG		
M272	uVSG		
M273	uVSG		
M274	uVSG		
M275	uVSG		
M276	uVSG		
M277	uVSG		
M278	uVSG		
M279	uVSG		
M28	uVSG		
M280	uVSG		
M281	uVSG		
M282	uVSG		
M283	kVSG	NC_023503_Streptococcus_phage_20617_complete_prophage_genome	NC_0235031_Streptococcus_phage_20617_complete_prophage_genome
M284	kVSG	NC_026613_Uncultured_phage_WWnAnB_strain_3	NC_0266131_Uncultured_phage_WWnAnB_strain_3|NC_0265821_Uncultured_phage_WWnAnB|NC_0266121_Uncultured_phage_WWnAnB_strain_2
M285	uVSG		
M286	uVSG		
M287	uVSG		
M288	uVSG		
M289	uVSG		
M29	uVSG		
M290	uVSG		
M291	uVSG		
M292	uVSG		
M293	uVSG		
M294	uVSG		
M295	uVSG		
M296	uVSG		
M297	uVSG		
M298	uVSG		
M299	uVSG		
M3	uVSG		
M30	uVSG		
M300	uVSG		
M301	uVSG		
M302	uVSG		
M303	uVSG		
M304	uVSG		
M305	uVSG		
M306	uVSG		
M307	uVSG		
M308	uVSG		
M309	uVSG		
M31	uVSG		
M310	uVSG		
M311	kVSG	NC_029014_Parabacteroides_phage_YZ2015b	NC_0290141_Parabacteroides_phage_YZ2015b
M312	uVSG		
M313	uVSG		
M314	uVSG		
M315	uVSG		
M316	uVSG		
M317	uVSG		
M318	kVSG	NC_019421_Clostridium_phage_phiMMP02	NC_0194211_Clostridium_phage_phiMMP02|NC_0289961_Clostridium_phage_phiCDHM19|NC_0241441_Clostridium_phage_CDMH1|NC_0113981_Clostridium_phage_phiCD27|NC_0092311_Clostridium_phage_phiC2|NC_0289591_Clostridium_phage_phiMMP03|NC_0287641_Clostridium_phage_phiCD505|NC_0079171_Clostridium_phage_phi_CD119|NC_0288831_Clostridium_phage_phiMMP01|NC_0291161_Clostridium_phage_phiCDHM13|NC_0194221_Clostridium_phage_phiMMP04|NC_0288381_Clostridium_phage_phiCD506|NC_0289511_Clostridium_phage_phiCD4811
M319	uVSG		
M32	uVSG		
M320	uVSG		
M321	uVSG		
M322	uVSG		
M323	uVSG		
M324	uVSG		
M325	uVSG		
M326	kVSG	NC_042041_Klebsiella_phage_vB_KpnM_KpV79	NC_0420411_Klebsiella_phage_vB_KpnM_KpV79|NC_0419001_Klebsiella_phage_vB_KpnM_KpV52|NC_0202041_Klebsiella_phage_JD001|NC_0449401_Pectobacterium_phage_PEAT2
M327	uVSG		
M328	uVSG		
M329	uVSG		
M33	uVSG		
M330	uVSG		
M331	kVSG	NC_019927_Cronobacter_phage_ENT47670	NC_0199271_Cronobacter_phage_ENT47670
M332	uVSG		
M333	uVSG		
M334	uVSG		
M335	uVSG		
M336	uVSG		
M337	uVSG		
M338	uVSG		
M339	uVSG		
M34	uVSG		
M340	uVSG		
M341	uVSG		
M342	uVSG		
M343	uVSG		
M344	kVSG	NC_019545_Salmonella_phage_SPN3UB	NC_0195451_Salmonella_phage_SPN3UB|NC_0286991_Salmonella_phage_SEN34|NC_0103931_Phage_Gifsy2
M345	uVSG		
M346	uVSG		
M347	uVSG		
M348	uVSG		
M349	kVSG	NC_029012_Parabacteroides_phage_YZ2015a	NC_0290121_Parabacteroides_phage_YZ2015a
M35	kVSG	NC_009817_Lactococcus_phage_KSY1	NC_0098171_Lactococcus_phage_KSY1
M350	uVSG		
M351	uVSG		
M352	uVSG		
M353	uVSG		
M354	uVSG		
M355	uVSG		
M356	uVSG		
M357	uVSG		
M358	uVSG		
M359	uVSG		
M36	uVSG		
M360	uVSG		
M361	uVSG		
M362	uVSG		
M363	uVSG		
M364	uVSG		
M365	uVSG		
M366	uVSG		
M367	kVSG	NC_009514_Phage_cdtI_DNA	NC_0095141_Phage_cdtI_DNA|NC_0197161_Enterobacteria_phage_mEp460|NC_0197231_Enterobacteria_phage_HK630|NC_0420571_Enterobacteria_phage_DE3|NC_0218571_Shigella_phage_SfII|NC_0113561_Enterobacteria_phage_YYZ2008_complete_prophage_genome|NC_0048131_Enterobacteria_phage_BP4795|NC_0197111_Enterobacteria_phage_HK629|NC_0014161_Enterobacteria_phage_lambda|NC_0113571_Stx2converting_phage_1717_complete_prophage_genome|NC_0227491_Shigella_phage_SfIV|NC_0034441_Enterobacteria_phage_SfV|NC_0027301_Enterobacteria_phage_HK620|NC_0319401_Salmonella_phage_118970_sal3|NC_0273981_Enterobacteria_phage_Sf101|NC_0273391_Enterobacteria_phage_SfI|NC_0084641_Stx2converting_phage_86|NC_0197141_Enterobacteria_phage_HK446|NC_0197681_Enterobacteria_phage_HK106|NC_0289431_Escherichia_phage_pro483|NC_0195011_Enterobacteria_phage_IME10|NC_0290152_Salmonella_phage_SEN4|NC_0197671_Enterobacteria_phage_HK544|NC_0418481_Enterobacteria_phage_P2|NC_0103921_Phage_Gifsy1|NC_0053441_Enterobacteria_phage_Sf6|NC_0197151_Enterobacterial_phage_mEp234|NC_0102371_Enterobacteria_phage_Min27|NC_0016091_Enterobacteria_phage_P4|NC_0290032_Salmonella_phage_SEN1|NC_0197691_Enterobacteria_phage_HK542|NC_0009021_Enterobacteria_phage_VT2Sakai|NC_0197061_Enterobacteria_phage_mEp043_c1|NC_0021671_Enterobacteria_phage_HK97|NC_0254341_Shigella_phage_POCJ13|NC_0419351_Escherichia_phage_PA28|NC_0197101_Enterobacteria_phage_HK140|NC_0197201_Enterobacterial_phage_mEp213|NC_0197081_Enterobacteria_phage_mEp235|NC_0194881_Salmonella_phage_RE2010|NC_0104631_Enterobacteria_phage_Fels2
M368	uVSG		
M369	uVSG		
M37	uVSG		
M370	uVSG		
M371	uVSG		
M372	kVSG	NC_006949_Enterobacteria_phage_ES18	NC_0069491_Enterobacteria_phage_ES18
M373	uVSG		
M374	uVSG		
M375	uVSG		
M376	uVSG		
M377	uVSG		
M378	uVSG		
M379	uVSG		
M38	uVSG		
M380	uVSG		
M381	uVSG		
M382	uVSG		
M383	uVSG		
M384	uVSG		
M385	uVSG		
M386	uVSG		
M387	uVSG		
M388	uVSG		
M389	uVSG		
M39	uVSG		
M390	uVSG		
M391	uVSG		
M392	uVSG		
M393	uVSG		
M394	uVSG		
M395	uVSG		
M396	uVSG		
M397	uVSG		
M398	uVSG		
M399	uVSG		
M4	uVSG		
M40	kVSG	NC_041996_Serratia_phage_CHI14	NC_0419961_Serratia_phage_CHI14
M400	uVSG		
M401	uVSG		
M402	uVSG		
M403	uVSG		
M404	uVSG		
M405	uVSG		
M406	uVSG		
M407	uVSG		
M408	uVSG		
M409	uVSG		
M41	uVSG		
M410	kVSG	NC_005294_Streptococcus_prophage_EJ1	NC_0052941_Streptococcus_prophage_EJ1
M411	uVSG		
M412	uVSG		
M413	uVSG		
M414	uVSG		
M415	uVSG		
M416	kVSG	NC_007581_Clostridium_phage_cst	NC_0075811_Clostridium_phage_cst
M417	uVSG		
M418	uVSG		
M419	uVSG		
M42	uVSG		
M420	uVSG		
M421	uVSG		
M422	uVSG		
M423	uVSG		
M424	uVSG		
M425	uVSG		
M426	uVSG		
M427	uVSG		
M428	kVSG	NC_018285_Streptococcus_phage_YMC2011	NC_0182851_Streptococcus_phage_YMC2011
M429	uVSG		
M43	kVSG	NC_001954_Enterobacteria_phage_If1	NC_0019541_Enterobacteria_phage_If1
M430	uVSG		
M431	uVSG		
M432	uVSG		
M433	uVSG		
M434	uVSG		
M435	uVSG		
M436	uVSG		
M437	uVSG		
M438	uVSG		
M439	uVSG		
M44	uVSG		
M440	uVSG		
M441	uVSG		
M442	uVSG		
M443	uVSG		
M444	uVSG		
M445	uVSG		
M446	uVSG		
M447	uVSG		
M448	uVSG		
M449	uVSG		
M45	uVSG		
M450	uVSG		
M451	uVSG		
M452	uVSG		
M453	uVSG		
M454	uVSG		
M455	uVSG		
M456	uVSG		
M457	uVSG		
M458	uVSG		
M459	uVSG		
M46	uVSG		
M460	uVSG		
M461	uVSG		
M462	uVSG		
M463	uVSG		
M464	uVSG		
M465	uVSG		
M466	uVSG		
M467	uVSG		
M468	uVSG		
M469	uVSG		
M47	uVSG		
M470	uVSG		
M471	uVSG		
M472	uVSG		
M473	uVSG		
M474	uVSG		
M475	uVSG		
M476	uVSG		
M477	uVSG		
M478	uVSG		
M479	uVSG		
M48	uVSG		
M480	uVSG		
M481	uVSG		
M482	uVSG		
M483	uVSG		
M484	uVSG		
M485	uVSG		
M486	uVSG		
M487	uVSG		
M488	uVSG		
M489	kVSG	NC_014792_Enterobacteria_phage_vB_EcoMVR7	NC_0147921_Enterobacteria_phage_vB_EcoMVR7|NC_0289571_Enterobacteria_phage_vB_EcoM_VR26
M49	uVSG		
M490	uVSG		
M491	uVSG		
M492	uVSG		
M493	uVSG		
M494	uVSG		
M495	uVSG		
M496	uVSG		
M497	uVSG		
M498	uVSG		
M499	uVSG		
M5	uVSG		
M50	uVSG		
M500	uVSG		
M501	uVSG		
M502	uVSG		
M503	uVSG		
M504	uVSG		
M505	uVSG		
M506	uVSG		
M507	uVSG		
M508	uVSG		
M509	uVSG		
M51	uVSG		
M510	uVSG		
M511	uVSG		
M512	uVSG		
M513	uVSG		
M514	uVSG		
M515	uVSG		
M516	uVSG		
M517	uVSG		
M518	uVSG		
M519	uVSG		
M52	uVSG		
M520	uVSG		
M521	uVSG		
M522	uVSG		
M523	uVSG		
M524	uVSG		
M525	uVSG		
M526	uVSG		
M527	uVSG		
M528	uVSG		
M529	uVSG		
M53	uVSG		
M530	uVSG		
M531	uVSG		
M532	kVSG	NC_013597_Aggregatibacter_phage_S1249_complete_sequence	NC_0135971_Aggregatibacter_phage_S1249_complete_sequence|NC_0048271_Bacteriophage_Aaphi23
M533	uVSG		
M534	uVSG		
M535	uVSG		
M536	uVSG		
M537	uVSG		
M538	uVSG		
M539	uVSG		
M54	uVSG		
M540	uVSG		
M541	uVSG		
M542	uVSG		
M543	uVSG		
M544	uVSG		
M545	uVSG		
M546	uVSG		
M547	kVSG	NC_028901_Escherichia_phage_slur05	NC_0289011_Escherichia_phage_slur05|NC_0122232_Enterobacteria_phage_SSL2009a|NC_0311131_Escherichia_phage_Gluttony|NC_0273831_Escherichia_phage_YD2008s|NC_0136001_Sodalis_phage_SO1|NC_0165661_Shigella_phage_EP23
M548	uVSG		
M549	uVSG		
M55	uVSG		
M550	uVSG		
M551	uVSG		
M552	uVSG		
M553	uVSG		
M554	uVSG		
M555	uVSG		
M556	uVSG		
M557	uVSG		
M558	uVSG		
M559	uVSG		
M56	uVSG		
M560	uVSG		
M561	uVSG		
M562	uVSG		
M563	uVSG		
M564	uVSG		
M565	uVSG		
M566	uVSG		
M567	uVSG		
M568	uVSG		
M569	kVSG	NC_031925_Salmonella_phage_BPS11Q3	NC_0319251_Salmonella_phage_BPS11Q3|NC_0227541_Salmonella_phage_SETP7|NC_0092322_Salmonella_phage_SETP3|NC_0310211_Salmonella_phage_MA12|NC_0227521_Salmonella_phage_SETP13|NC_0242041_Salmonella_phage_vB_SenSEnt3|NC_0419911_Salmonella_phage_vB_SenS_AG11|NC_0420651_Salmonella_phage_FSL_SP101_partial_genome|NC_0286981_Salmonella_phage_f18SE|NC_0260171_Salmonella_phage_LSPA1|NC_0069402_Salmonella_phage_SS3e
M57	kVSG	NC_024786_Escherichia_phage_vB_EcoP_PhAPEC5	NC_0247861_Escherichia_phage_vB_EcoP_PhAPEC5|NC_0194231_Enterobacter_phage_IME11|NC_0419061_Escherichia_phage_EC1UPM|NC_0159331_Escherichia_phage_vB_EcoP_G7C|NC_0241422_Enterobacteria_phage_Bp4|NC_0188541_Escherichia_phage_ECBP1|NC_0247901_Escherichia_phage_vB_EcoP_PhAPEC7|NC_0235891_Shigella_phage_pSb1
M570	uVSG		
M571	uVSG		
M572	uVSG		
M573	uVSG		
M574	uVSG		
M575	kVSG	NC_000896_Lactobacillus_prophage_phiadh	NC_0008961_Lactobacillus_prophage_phiadh
M576	uVSG		
M577	uVSG		
M578	uVSG		
M579	uVSG		
M58	uVSG		
M580	uVSG		
M581	uVSG		
M582	uVSG		
M583	uVSG		
M584	uVSG		
M585	uVSG		
M586	uVSG		
M587	uVSG		
M588	uVSG		
M589	uVSG		
M59	kVSG	NC_018843_Salmonella_phage_SSU5	NC_0188431_Salmonella_phage_SSU5
M590	uVSG		
M591	uVSG		
M592	kVSG	NC_031934_Escherichia_phage_MX01	NC_0319341_Escherichia_phage_MX01|NC_0127411_Enterobacteria_phage_JS10|NC_0288811_Enterobacteria_phage_vB_EcoM_VR5|NC_0195001_Enterobacteria_phage_Bp7|NC_0288471_Enterobacteria_phage_QL01|NC_0142601_Enterobacteria_phage_IME08
M593	kVSG	NC_019403_Enterobacteria_phage_vB_EcoP_ACGC91	NC_0194031_Enterobacteria_phage_vB_EcoP_ACGC91|NC_0076371_Enterobacteria_phage_K1E|NC_0081521_Enterobacteria_phage_K15|NC_0074561_Enterobacteria_phage_K1F|NC_0319241_Salmonella_phage_IME207|NC_0420371_Aeromonas_phage_pIS4A_genomic_sequence|NC_0319181_Salmonella_phage_64795_sal3|NC_0104951_Salmonella_phage_E1
M594	uVSG		
M595	uVSG		
M596	uVSG		
M597	uVSG		
M598	uVSG		
M599	uVSG		
M6	uVSG		
M60	uVSG		
M600	uVSG		
M601	uVSG		
M602	uVSG		
M603	uVSG		
M604	uVSG		
M605	uVSG		
M606	uVSG		
M607	uVSG		
M608	kVSG	NC_031271_Salmonella_phage_BP12B	NC_0312711_Salmonella_phage_BP12B|NC_0048312_Enterobacteria_phage_SP6|NC_0204141_Enterobacteria_phage_UAB_Phi78
M609	uVSG		
M61	uVSG		
M610	uVSG		
M611	uVSG		
M612	uVSG		
M613	uVSG		
M614	uVSG		
M615	uVSG		
M616	uVSG		
M617	uVSG		
M618	uVSG		
M619	uVSG		
M62	uVSG		
M620	uVSG		
M621	uVSG		
M622	uVSG		
M623	uVSG		
M624	uVSG		
M625	uVSG		
M626	uVSG		
M627	uVSG		
M628	uVSG		
M629	kVSG	NC_021777_Salmonella_phage_Jersey	NC_0217771_Salmonella_phage_Jersey|NC_0420841_Escherichia_phage_VB_EcoSGolestan|NC_0279931_Escherichia_phage_K1G|NC_0419921_Salmonella_phage_wksl3|NC_0418971_Escherichia_phage_K1ind1|NC_0167631_Salmonella_phage_SE2|NC_0418981_Escherichia_phage_K1ind2|NC_0279941_Escherichia_phage_K1H
M63	uVSG		
M630	uVSG		
M631	uVSG		
M632	uVSG		
M633	uVSG		
M634	uVSG		
M635	uVSG		
M636	uVSG		
M637	uVSG		
M638	uVSG		
M639	uVSG		
M64	uVSG		
M640	uVSG		
M641	uVSG		
M642	uVSG		
M643	uVSG		
M644	kVSG	NC_004112_Lactobacillus_phage_A2	NC_0041121_Lactobacillus_phage_A2|NC_0075011_Lactobacillus_phage_LcNu|NC_0227561_Lactobacillus_phage_J1|NC_0111041_Lactobacillus_phage_Lrm1
M645	uVSG		
M646	uVSG		
M647	uVSG		
M648	uVSG		
M649	kVSG	NC_022914_Staphylococcus_phage_phiRS7	NC_0229141_Staphylococcus_phage_phiRS7
M65	uVSG		
M650	uVSG		
M651	uVSG		
M652	uVSG		
M653	uVSG		
M654	uVSG		
M655	uVSG		
M656	uVSG		
M657	uVSG		
M658	uVSG		
M659	uVSG		
M66	uVSG		
M660	uVSG		
M661	uVSG		
M662	uVSG		
M663	uVSG		
M664	uVSG		
M665	uVSG		
M666	uVSG		
M667	uVSG		
M668	uVSG		
M669	uVSG		
M67	uVSG		
M670	uVSG		
M671	uVSG		
M672	uVSG		
M673	uVSG		
M674	uVSG		
M675	uVSG		
M676	uVSG		
M677	uVSG		
M678	uVSG		
M679	uVSG		
M68	uVSG		
M680	uVSG		
M681	uVSG		
M682	uVSG		
M683	uVSG		
M684	uVSG		
M685	uVSG		
M686	uVSG		
M687	uVSG		
M688	uVSG		
M689	uVSG		
M69	uVSG		
M690	uVSG		
M691	uVSG		
M692	uVSG		
M693	uVSG		
M694	uVSG		
M695	uVSG		
M696	uVSG		
M697	uVSG		
M698	uVSG		
M699	uVSG		
M7	uVSG		
M70	uVSG		
M700	uVSG		
M701	uVSG		
M702	uVSG		
M703	uVSG		
M704	kVSG	NC_007059_Staphylococcus_phage_71	NC_0070591_Staphylococcus_phage_71|NC_0087991_Staphylococcus_phage_phiETA3|NC_0101471_Staphylococcus_phage_phiMR11|NC_0254601_Staphylococcus_phage_phiSa119|NC_0116121_Staphylococcus_phage_phiSauSIPLA35|NC_0070581_Staphylococcus_phage_ROSA|NC_0131951_Staphylococcus_phage_P954|NC_0213261_Staphylococcus_phage_StauST3981|NC_0289131_Staphylococcus_aureus_phage_phiNM2|NC_0070471_Staphylococcus_phage_187|NC_0070571_Staphylococcus_phage_96|NC_0179681_Staphylococcus_phage_TEM123|NC_0199211_Staphylococcus_phage_phi5967PVL_DNA|NC_0289151_Staphylococcus_phage_B236|NC_0213321_Staphylococcus_phage_StauST3983|NC_0290101_Staphylococcus_phage_SA97|NC_0218631_Staphylococcus_phage_SA13|NC_0218011_Staphylococcus_phage_SA12|NC_0070631_Staphylococcus_phage_88|NC_0070501_Staphylococcus_phage_85|NC_0144601_Staphylococcus_phage_SAP26|NC_0288591_Staphylococcus_phage_B166|NC_0026612_Staphylococcus_phage_phiSLT|NC_0070601_Staphylococcus_phage_55|NC_0087981_Staphylococcus_phage_phiETA2|NC_0086891_Staphylococcus_phage_phiPVL108|NC_0306521_Staphylococcus_phage_80|NC_0046151_Staphylococcus_phage_11|NC_0070481_Staphylococcus_phage_69|NC_0108081_Staphylococcus_phage_phiMR25|NC_0070491_Staphylococcus_phage_53|NC_0053561_Staphylococcus_phage_77|NC_0288641_Staphylococcus_aureus_phage_phiNM4|NC_0085831_Staphylococcus_aureus_phage_phiNM1|NC_0070521_Staphylococcus_phage_42e|NC_0116141_Staphylococcus_phage_phiSauSIPLA88|NC_0070641_Staphylococcus_phage_92|NC_0070611_Staphylococcus_phage_29|NC_0070651_Staphylococcus_phage_X2|NC_0032881_Staphylococcus_phage_phiETA|NC_0097633_Staphylococcus_phage_tp3103_complete_sequence|NC_0289171_Staphylococcus_phage_3MRA|NC_0046171_Staphylococcus_prophage_phi_13|NC_0243911_Staphylococcus_phage_DW2|NC_0217732_Staphylococcus_phage_JS01|NC_0127841_Staphylococcus_phage_phiPVLCN125|NC_0097623_Staphylococcus_phage_tp3102_complete_sequence|NC_0260161_Staphylococcus_phage_phiBU01|NC_0113441_Staphylococcus_phage_phi2958PVL|NC_0047401_Staphylococcus_prophage_phiN315|NC_0086171_Staphylococcus_phage_phiNM3|NC_0201991_Staphylococcus_phage_phi7401PVL_DNA|NC_0227581_Staphylococcus_phage_YMC/09/04/R1988|NC_0234991_Staphylococcus_phage_StauST3984|NC_0213231_Staphylococcus_phage_StauST3982|NC_0024861_Staphylococcus_prophage_phiPV83|NC_0097613_Staphylococcus_phage_tp3101_complete_sequence|NC_0046161_Staphylococcus_prophage_phi_12|NC_0195131_Staphylococcus_phage_SMSAP5|NC_0288621_Staphylococcus_phage_vB_SauS_phi2
M705	uVSG		
M706	uVSG		
M707	uVSG		
M708	uVSG		
M709	uVSG		
M71	uVSG		
M710	uVSG		
M711	uVSG		
M712	uVSG		
M713	uVSG		
M714	uVSG		
M715	uVSG		
M716	uVSG		
M717	uVSG		
M718	uVSG		
M719	uVSG		
M72	uVSG		
M720	uVSG		
M721	uVSG		
M722	uVSG		
M723	uVSG		
M724	uVSG		
M725	uVSG		
M726	uVSG		
M727	uVSG		
M728	uVSG		
M729	uVSG		
M73	uVSG		
M730	uVSG		
M731	uVSG		
M732	uVSG		
M733	uVSG		
M734	uVSG		
M735	uVSG		
M736	uVSG		
M737	uVSG		
M738	uVSG		
M739	kVSG	NC_016770_Bacteroides_phage_B12414	NC_0167701_Bacteroides_phage_B12414|NC_0112221_Bacteroides_phage_B408
M74	uVSG		
M740	uVSG		
M741	uVSG		
M742	uVSG		
M743	uVSG		
M744	uVSG		
M745	uVSG		
M746	uVSG		
M747	uVSG		
M748	uVSG		
M749	uVSG		
M75	kVSG	NC_001331_Pseudomonas_phage_Pf1	NC_0013311_Pseudomonas_phage_Pf1
M750	uVSG		
M751	uVSG		
M752	uVSG		
M753	uVSG		
M754	uVSG		
M755	uVSG		
M756	uVSG		
M757	uVSG		
M758	uVSG		
M759	uVSG		
M76	uVSG		
M760	uVSG		
M761	uVSG		
M762	uVSG		
M763	uVSG		
M764	uVSG		
M765	uVSG		
M766	uVSG		
M767	uVSG		
M768	uVSG		
M769	uVSG		
M77	uVSG		
M770	uVSG		
M771	uVSG		
M772	kVSG	NC_028683_Edwardsiella_phage_PEi20_DNA_complete_sequence	NC_0286831_Edwardsiella_phage_PEi20_DNA_complete_sequence
M773	uVSG		
M774	uVSG		
M775	uVSG		
M776	uVSG		
M777	kVSG	NC_010391_Salmonella_phage_Fels1	NC_0103911_Salmonella_phage_Fels1
M778	uVSG		
M779	uVSG		
M78	uVSG		
M780	uVSG		
M781	uVSG		
M782	uVSG		
M783	uVSG		
M784	uVSG		
M785	uVSG		
M786	uVSG		
M787	uVSG		
M788	uVSG		
M789	uVSG		
M79	uVSG		
M790	uVSG		
M791	uVSG		
M792	uVSG		
M793	kVSG	NC_004996_Streptococcus_phage_SM1	NC_0049961_Streptococcus_phage_SM1
M794	uVSG		
M795	uVSG		
M796	uVSG		
M797	uVSG		
M798	uVSG		
M799	uVSG		
M8	kVSG	NC_027369_Escherichia_phage_EC6	NC_0273691_Escherichia_phage_EC6|NC_0279911_Staphylococcus_phage_SA1|NC_0420971_Salmonella_phage_BPS17W1|NC_0419791_Escherichia_coli_O157_typing_phage_1|NC_0419231_Salmonella_phage_Mushroom|NC_0273371_Escherichia_phage_vB_EcoMVpaE1|NC_0273601_Enterobacteriaphage_UAB_Phi87|NC_0310821_Escherichia_phage_vB_EcoM_Alf5|NC_0319391_Salmonella_phage_BPS15Q2|NC_0288721_Escherichia_phage_HY02|NC_0273291_Salmonella_phage_vB_SPuM_SP116|NC_0052821_Enterobacteria_phage_Felix_01|NC_0290231_Escherichia_phage_JH2|NC_0420961_Salmonella_phage_BPS17L1
M80	uVSG		
M800	uVSG		
M801	uVSG		
M802	uVSG		
M803	uVSG		
M804	uVSG		
M805	uVSG		
M806	uVSG		
M807	uVSG		
M808	uVSG		
M809	uVSG		
M81	uVSG		
M810	uVSG		
M811	uVSG		
M812	uVSG		
M813	uVSG		
M814	uVSG		
M815	uVSG		
M816	uVSG		
M817	uVSG		
M818	uVSG		
M819	uVSG		
M82	uVSG		
M820	uVSG		
M821	uVSG		
M822	uVSG		
M823	uVSG		
M824	uVSG		
M825	uVSG		
M826	uVSG		
M827	uVSG		
M828	uVSG		
M829	uVSG		
M83	uVSG		
M830	uVSG		
M831	uVSG		
M832	uVSG		
M833	uVSG		
M834	uVSG		
M835	uVSG		
M836	uVSG		
M837	uVSG		
M838	uVSG		
M839	uVSG		
M84	uVSG		
M840	uVSG		
M841	uVSG		
M842	uVSG		
M843	uVSG		
M844	uVSG		
M845	uVSG		
M846	kVSG	NC_028826_Enterococcus_phage_IMEEFm5	NC_0288261_Enterococcus_phage_IMEEFm5|NC_0243561_Enterococcus_phage_IMEEFm1
M847	uVSG		
M848	uVSG		
M849	uVSG		
M85	uVSG		
M850	uVSG		
M851	uVSG		
M852	kVSG	NC_021775_Salmonella_phage_FSL_SP031	NC_0217751_Salmonella_phage_FSL_SP031
M853	uVSG		
M854	uVSG		
M855	uVSG		
M856	uVSG		
M857	uVSG		
M858	uVSG		
M859	uVSG		
M86	uVSG		
M860	uVSG		
M861	uVSG		
M862	uVSG		
M863	uVSG		
M864	uVSG		
M865	uVSG		
M866	uVSG		
M867	uVSG		
M868	uVSG		
M869	uVSG		
M87	uVSG		
M870	uVSG		
M871	uVSG		
M872	uVSG		
M873	uVSG		
M874	uVSG		
M875	uVSG		
M876	uVSG		
M877	uVSG		
M878	uVSG		
M879	uVSG		
M88	uVSG		
M880	uVSG		
M881	uVSG		
M882	uVSG		
M883	uVSG		
M884	uVSG		
M885	uVSG		
M886	uVSG		
M887	uVSG		
M888	uVSG		
M889	uVSG		
M89	uVSG		
M890	uVSG		
M891	uVSG		
M892	uVSG		
M893	uVSG		
M894	uVSG		
M895	uVSG		
M896	uVSG		
M897	uVSG		
M898	uVSG		
M899	uVSG		
M9	uVSG		
M90	uVSG		
M900	uVSG		
M901	uVSG		
M902	uVSG		
M903	uVSG		
M904	uVSG		
M905	uVSG		
M906	uVSG		
M907	kVSG	NC_029025_Staphylococcus_phage_IMESA4	NC_0290251_Staphylococcus_phage_IMESA4
M908	uVSG		
M909	uVSG		
M91	uVSG		
M910	uVSG		
M911	uVSG		
M912	uVSG		
M913	uVSG		
M914	uVSG		
M915	uVSG		
M916	uVSG		
M917	uVSG		
M918	uVSG		
M919	uVSG		
M92	uVSG		
M920	kVSG	NC_031077_Enterobacter_phage_Tyrion	NC_0310771_Enterobacter_phage_Tyrion
M921	uVSG		
M922	uVSG		
M923	uVSG		
M924	uVSG		
M925	uVSG		
M926	uVSG		
M927	uVSG		
M928	kVSG	NC_019489_Lactobacillus_phage_Sha1	NC_0194891_Lactobacillus_phage_Sha1
M929	uVSG		
M93	uVSG		
M930	uVSG		
M931	uVSG		
M932	uVSG		
M933	uVSG		
M934	uVSG		
M935	uVSG		
M936	uVSG		
M937	uVSG		
M938	uVSG		
M939	uVSG		
M94	uVSG		
M940	uVSG		
M941	uVSG		
M942	uVSG		
M943	uVSG		
M944	uVSG		
M945	uVSG		
M946	uVSG		
M947	uVSG		
M948	uVSG		
M949	uVSG		
M95	uVSG		
M950	uVSG		
M951	uVSG		
M952	uVSG		
M953	uVSG		
M954	uVSG		
M955	uVSG		
M956	uVSG		
M957	uVSG		
M958	uVSG		
M959	uVSG		
M96	kVSG	NC_028685_Shigella_phage_SsVASD	NC_0286851_Shigella_phage_SsVASD|NC_0286561_Enterobacteria_phage_VT2phi_272_complete_sequence|NC_0286601_Escherichia_phage_phi191|NC_0194451_Escherichia_phage_TL2011b|NC_0033561_Enterobacteria_phage_phiP27
M960	uVSG		
M961	uVSG		
M962	uVSG		
M963	uVSG		
M964	uVSG		
M965	uVSG		
M966	uVSG		
M967	uVSG		
M968	uVSG		
M969	uVSG		
M97	uVSG		
M970	kVSG	NC_003315_Haemophilus_phage_HP2	NC_0033151_Haemophilus_phage_HP2|NC_0016971_Haemophilus_phage_HP1
M971	uVSG		
M972	uVSG		
M973	uVSG		
M974	uVSG		
M975	uVSG		
M976	uVSG		
M977	uVSG		
M978	uVSG		
M979	uVSG		
M98	uVSG		
M980	uVSG		
M981	uVSG		
M982	uVSG		
M983	uVSG		
M984	uVSG		
M985	uVSG		
M986	uVSG		
M987	uVSG		
M988	uVSG		
M989	uVSG		
M99	uVSG		
M990	uVSG		
M991	uVSG		
M992	uVSG		
M993	uVSG		
M994	uVSG		
M995	uVSG		
M996	uVSG		
M997	uVSG		
M998	uVSG		
M999	uVSG		
